{
	"type": "geo",
	"nodes": {
		"sphere1": {
			"type": "sphere"
		},
		"transform1": {
			"type": "transform",
			"params": {
				"t": [0, 1, 0]
			},
			"inputs": ["sphere1"]
		},
		"material1": {
			"type": "material",
			"params": {
				"material": "../MAT/meshStandard1"
			},
			"inputs": ["transform2"],
			"flags": {
				"display": true
			}
		},
		"plane1": {
			"type": "plane"
		},
		"transform2": {
			"type": "transform",
			"params": {
				"t": [0.2352232828009273, 0.6060700638332683, 0.3650244874945058]
			},
			"inputs": ["plane1"]
		}
	},
	"params": {
		"CADLinearTolerance": {
			"overriden_options": {
				"callback": "{}"
			}
		},
		"CADAngularTolerance": {
			"overriden_options": {
				"callback": "{}"
			}
		},
		"CADCurveAbscissa": {
			"overriden_options": {
				"callback": "{}"
			}
		},
		"CADCurveTolerance": {
			"overriden_options": {
				"callback": "{}"
			}
		},
		"CADDisplayEdges": {
			"overriden_options": {
				"callback": "{}"
			}
		},
		"CADEdgesColor": {
			"overriden_options": {
				"callback": "{}"
			}
		},
		"CADDisplayMeshes": {
			"overriden_options": {
				"callback": "{}"
			}
		},
		"CADMeshesColor": {
			"overriden_options": {
				"callback": "{}"
			}
		},
		"CADWireframe": {
			"overriden_options": {
				"callback": "{}"
			}
		},
		"CSGFacetAngle": {
			"overriden_options": {
				"callback": "{}"
			}
		},
		"CSGLinesColor": {
			"overriden_options": {
				"callback": "{}"
			}
		},
		"CSGMeshesColor": {
			"overriden_options": {
				"callback": "{}"
			}
		},
		"CSGWireframe": {
			"overriden_options": {
				"callback": "{}"
			}
		},
		"QUADTriangles": {
			"overriden_options": {
				"callback": "{}"
			}
		},
		"QUADWireframe": {
			"overriden_options": {
				"callback": "{}"
			}
		},
		"TetScale": {
			"overriden_options": {
				"callback": "{}"
			}
		},
		"TetDisplayLines": {
			"overriden_options": {
				"callback": "{}"
			}
		},
		"TetDisplaySharedFaces": {
			"overriden_options": {
				"callback": "{}"
			}
		},
		"TetDisplayPoints": {
			"overriden_options": {
				"callback": "{}"
			}
		},
		"TetDisplayCenter": {
			"overriden_options": {
				"callback": "{}"
			}
		},
		"TetDisplaySphere": {
			"overriden_options": {
				"callback": "{}"
			}
		}
	},
	"flags": {
		"display": true
	}
}
